table_name,column_name,column_key,column_default,is_nullable,data_type,column_type,extra,referenced_table_name,referenced_column_name
ACTIVITY_TYPE,ID,PRI,,NO,int,int(10) unsigned,auto_increment,,
ACTIVITY_TYPE,NAME,,,YES,varchar,varchar(45),,,
ACTIVITY_TYPE,CREATED_AT,,CURRENT_TIMESTAMP,NO,timestamp,timestamp,,,
ARTICLE,ID,PRI,,NO,int,int(10) unsigned,auto_increment,,
ARTICLE,ARTICLEID,UNI,,NO,int,int(11),,,
ARTICLE,TITLE,,,NO,varchar,varchar(150),,,
ARTICLE,FEATURED_IMG,,,NO,longtext,longtext,,,
ARTICLE,DESCRIPTION,,,NO,longtext,longtext,,,
ARTICLE,URL,,,NO,varchar,varchar(250),,,
ARTICLE,COUNTRY_CODE,MUL,,NO,varchar,varchar(3),,COUNTRY,CODE
ARTICLE,CREATED_AT,,CURRENT_TIMESTAMP,YES,timestamp,timestamp,,,
ARTICLE_TAG,ID,PRI,,NO,int,int(10) unsigned,auto_increment,,
ARTICLE_TAG,NAME,,,NO,varchar,varchar(150),,,
ARTICLE_TAG,CREATED_AT,,CURRENT_TIMESTAMP,YES,timestamp,timestamp,,,
ARTICLE_TAG_RELATION,ID,PRI,,NO,int,int(10) unsigned,auto_increment,,
ARTICLE_TAG_RELATION,ARTICLEID,MUL,,NO,int,int(10) unsigned,,ARTICLE,ID
ARTICLE_TAG_RELATION,TAGID,MUL,,NO,int,int(10) unsigned,,ARTICLE_TAG,ID
ARTICLE_TAG_RELATION,CREATED_AT,,CURRENT_TIMESTAMP,YES,timestamp,timestamp,,,
BOTTLE_FEEDING,ID,PRI,,NO,int,int(10) unsigned,auto_increment,,
BOTTLE_FEEDING,CHILDID,MUL,,NO,int,int(10) unsigned,,CHILD,ID
BOTTLE_FEEDING,FEEDING_FOOD_DIARYID,MUL,,NO,int,int(10) unsigned,,FEEDING,ID
BOTTLE_FEEDING,CONSUMED_AT,,CURRENT_TIMESTAMP,YES,timestamp,timestamp,,,
BOTTLE_FEEDING,FORMULA_BRANDID,,,NO,varchar,varchar(255),,,
BOTTLE_FEEDING,FORMULA_BRANDNAME,,,NO,varchar,varchar(255),,,
BOTTLE_FEEDING,FORMULA_BRANDQUANTITY,,,NO,varchar,varchar(255),,,
BOTTLE_FEEDING,CONVERTED_SI_PREPARED_VALUE,,,NO,float,"float(8,2)",,,
BOTTLE_FEEDING,MEASURE_PREPARED_UNITID,MUL,,NO,int,int(10) unsigned,,MEASURE_UNIT,ID
BOTTLE_FEEDING,CONVERTED_SI_REMAINING_VALUE,,,NO,float,"float(8,2)",,,
BOTTLE_FEEDING,MEASURE_REMAINING_UNITID,MUL,,NO,int,int(10) unsigned,,MEASURE_UNIT,ID
BOTTLE_FEEDING,CONVERTED_SI_CONSUMED_VALUE,,,NO,float,"float(8,2)",,,
BOTTLE_FEEDING,MEASURE_CONSUMED_UNITID,MUL,,NO,int,int(10) unsigned,,MEASURE_UNIT,ID
BOTTLE_FEEDING,ACTUAL_PREPARED_VALUE,,,NO,float,"float(8,2)",,,
BOTTLE_FEEDING,ACTUAL_PREPARED_MEASURE_UNITID,MUL,,NO,int,int(10) unsigned,,MEASURE_UNIT,ID
BOTTLE_FEEDING,ACTUAL_REMAINING_VALUE,,,NO,float,"float(8,2)",,,
BOTTLE_FEEDING,ACTUAL_REMAINING_MEASURE_UNITID,MUL,,NO,int,int(10) unsigned,,MEASURE_UNIT,ID
BOTTLE_FEEDING,ACTUAL_CONSUMED_VALUE,,,NO,float,"float(8,2)",,,
BOTTLE_FEEDING,ACTUAL_CONSUMED_MEASURE_UNITID,MUL,,NO,int,int(10) unsigned,,MEASURE_UNIT,ID
BOTTLE_FEEDING,CREATED_AT,,CURRENT_TIMESTAMP,YES,timestamp,timestamp,,,
BOTTLE_FEEDING,CREATED_BY,MUL,,NO,int,int(10) unsigned,,USER,ID
BREAST_FEEDING,ID,PRI,,NO,int,int(10) unsigned,auto_increment,,
BREAST_FEEDING,CHILDID,MUL,,NO,int,int(10) unsigned,,CHILD,ID
BREAST_FEEDING,LEFT_SIDE,,,YES,time,time,,,
BREAST_FEEDING,RIGHT_SIDE,,,YES,time,time,,,
BREAST_FEEDING,CREATED_AT,,CURRENT_TIMESTAMP,YES,timestamp,timestamp,,,
BREAST_FEEDING,CREATED_BY,MUL,,NO,int,int(10) unsigned,,USER,ID
CHANGE_LOG,ID,PRI,,NO,int,int(10) unsigned,auto_increment,,
CHANGE_LOG,DATA_BEFORE,,,YES,json,json,,,
CHANGE_LOG,DATA_AFTER,,,NO,json,json,,,
CHANGE_LOG,ACTION,,,YES,varchar,varchar(100),,,
CHANGE_LOG,TABLENAME,,,YES,varchar,varchar(100),,,
CHANGE_LOG,CREATED_AT,,CURRENT_TIMESTAMP,YES,timestamp,timestamp,,,
CHILD,ID,PRI,,NO,int,int(10) unsigned,auto_increment,,
CHILD,FIRSTNAME,,,NO,varchar,varchar(45),,,
CHILD,LASTNAME,,,NO,varchar,varchar(45),,,
CHILD,BDAY,,,NO,varchar,varchar(255),,,
CHILD,GENDER,,,NO,enum,"enum('girl','boy')",,,
CHILD,NUMBER_OF_SIBLINGS,,,YES,int,int(11),,,
CHILD,MODE_OF_DELIVERY,,,YES,varchar,varchar(40),,,
CHILD,ORDER_AT_BIRTH,,,YES,int,int(11),,,
CHILD,WEEKS_AT_BIRTH,,,YES,int,int(11),,,
CHILD,IMAGE,,,YES,varchar,varchar(255),,,
CHILD,ISACTIVE,,1,NO,tinyint,tinyint(1),,,
CHILD,CREATED_AT,,CURRENT_TIMESTAMP,NO,timestamp,timestamp,,,
CHILD,CREATED_BY,MUL,,NO,int,int(10) unsigned,,USER,ID
CHILD,FEEDING_OPTIONID,MUL,,YES,int,int(10) unsigned,,FEEDING_OPTION,ID
CHILD_CAREGIVER_PERMISSION,ID,PRI,,NO,int,int(10) unsigned,auto_increment,,
CHILD_CAREGIVER_PERMISSION,USERID,MUL,,NO,int,int(10) unsigned,,USER,ID
CHILD_CAREGIVER_PERMISSION,CHILDID,MUL,,NO,int,int(10) unsigned,,CHILD,ID
CHILD_CAREGIVER_PERMISSION,RELATIONSHIPID,MUL,,NO,int,int(10) unsigned,,RELATIONSHIP,ID
CHILD_CAREGIVER_PERMISSION,ISACTIVE,,1,NO,tinyint,tinyint(1),,,
CHILD_CAREGIVER_PERMISSION,CREATED_BY,,,NO,int,int(10) unsigned,,,
CHILD_IMMUNIZATION,ID,PRI,,NO,int,int(10) unsigned,auto_increment,,
CHILD_IMMUNIZATION,CHILDID,MUL,,NO,int,int(10) unsigned,,CHILD,ID
CHILD_IMMUNIZATION,VACCINE,,,NO,varchar,varchar(1000),,,
CHILD_IMMUNIZATION,AGE,,,NO,varchar,varchar(1000),,,
CHILD_IMMUNIZATION,DATE_COMPLETED,,,YES,timestamp,timestamp,,,
CHILD_LENGTH,ID,PRI,,NO,int,int(10) unsigned,auto_increment,,
CHILD_LENGTH,CHILDID,MUL,,NO,int,int(10) unsigned,,CHILD,ID
CHILD_LENGTH,LENGTH,,,NO,varchar,varchar(255),,,
CHILD_LENGTH,TAKEN_AT,,CURRENT_TIMESTAMP,YES,timestamp,timestamp,,,
CHILD_LENGTH,CREATED_BY,MUL,,NO,int,int(10) unsigned,,USER,ID
CHILD_LENGTH,CREATED_AT,,CURRENT_TIMESTAMP,YES,timestamp,timestamp,,,
CHILD_LENGTH,IS_USER_DISPUTE,,0,YES,tinyint,tinyint(1),,,
CHILD_LENGTH,ISSYSTEM,,0,YES,tinyint,tinyint(1),,,
CHILD_LENGTH,CHILD_PROGRESS_REFERENCE,MUL,,YES,int,int(10) unsigned,,CHILD_PROGRESS,ID
CHILD_LENGTH,IMAGE_FILE,,,YES,varchar,varchar(200),,,
CHILD_LENGTH,ISCLINIC,,0,YES,tinyint,tinyint(4),,,
CHILD_LENGTH,AI_LENGTH,,,YES,varchar,varchar(255),,,
CHILD_MEDICATION,ID,PRI,,NO,int,int(10) unsigned,auto_increment,,
CHILD_MEDICATION,TAKEN_AT,,CURRENT_TIMESTAMP,NO,timestamp,timestamp,,,
CHILD_MEDICATION,CHILDID,MUL,,NO,int,int(10) unsigned,,CHILD,ID
CHILD_MEDICATION,TEMPERATURE,,,YES,float,"float(6,2)",,,
CHILD_MEDICATION,TEMPERATURE_UNIT,MUL,,YES,int,int(10) unsigned,,MEASURE_UNIT,ID
CHILD_MEDICATION,CREATED_BY,MUL,,NO,int,int(10) unsigned,,USER,ID
CHILD_MEDICATION,CREATED_AT,,CURRENT_TIMESTAMP,NO,timestamp,timestamp,,,
CHILD_MEDICATION,MEDICATION_NAME,,,NO,varchar,varchar(250),,,
CHILD_MEDICATION,DOSAGE,,,NO,varchar,varchar(250),,,
CHILD_MOMENT,ID,PRI,,NO,int,int(10) unsigned,auto_increment,,
CHILD_MOMENT,MILESTONEID,MUL,,YES,int,int(10) unsigned,,MILESTONE,ID
CHILD_MOMENT,HAPPEN_AT,,CURRENT_TIMESTAMP,YES,timestamp,timestamp,,,
CHILD_MOMENT,CHILDID,MUL,,NO,int,int(10) unsigned,,CHILD,ID
CHILD_MOMENT,DESCRIPTION,,,YES,text,text,,,
CHILD_MOMENT,IMAGE_URL,,,YES,varchar,varchar(250),,,
CHILD_MOMENT,CREATED_BY,MUL,,YES,int,int(10) unsigned,,USER,ID
CHILD_MOMENT,CREATED_AT,,CURRENT_TIMESTAMP,YES,timestamp,timestamp,,,
CHILD_PROGRESS,ID,PRI,,NO,int,int(10) unsigned,auto_increment,,
CHILD_PROGRESS,CHILDID,MUL,,NO,int,int(10) unsigned,,CHILD,ID
CHILD_PROGRESS,PROGRESS_TYPEID,MUL,,NO,int,int(10) unsigned,,PROGRESS_TYPE,ID
CHILD_PROGRESS,CONVERTED_SI_VALUE,,,NO,float,"float(8,2)",,,
CHILD_PROGRESS,MEASURE_UNITID,MUL,,NO,int,int(10) unsigned,,MEASURE_UNIT,ID
CHILD_PROGRESS,AT_BIRTH,,0,NO,tinyint,tinyint(1),,,
CHILD_PROGRESS,ISACTIVE,,1,NO,tinyint,tinyint(1),,,
CHILD_PROGRESS,IS_MISCALE,,0,NO,tinyint,tinyint(1),,,
CHILD_PROGRESS,RECORDED_AT,,CURRENT_TIMESTAMP,YES,timestamp,timestamp,,,
CHILD_PROGRESS,CREATED_AT,,CURRENT_TIMESTAMP,YES,timestamp,timestamp,,,
CHILD_PROGRESS,TAKEN_AT,,CURRENT_TIMESTAMP,YES,timestamp,timestamp,,,
CHILD_PROGRESS,CREATED_BY,MUL,,NO,int,int(10) unsigned,,USER,ID
CHILD_PROGRESS,ACTUAL_VALUE,,,NO,float,"float(8,2)",,,
CHILD_PROGRESS,ACTUAL_MEASURE_UNITID,MUL,,NO,int,int(10) unsigned,,MEASURE_UNIT,ID
CHILD_PROGRESS,COMMENT,,,YES,varchar,varchar(500),,,
CHILD_SHARE_REQUEST,UUID,,,YES,char,char(36),,,
CHILD_SHARE_REQUEST,CREATED_BY,MUL,,NO,int,int(10) unsigned,,USER,ID
CHILD_SHARE_REQUEST,CHILDID,MUL,,NO,int,int(10) unsigned,,,
CHILD_SHARE_REQUEST,CREATED_AT,,CURRENT_TIMESTAMP,NO,timestamp,timestamp,,,
CHILD_SHARE_REQUEST,RELATIONSHIPID,MUL,,NO,int,int(10) unsigned,,RELATIONSHIP,ID
CHILD_SHARE_REQUEST,ID,PRI,,NO,bigint,bigint(20),auto_increment,,
CHILD_TIMELINE,ID,PRI,,NO,int,int(10) unsigned,auto_increment,,
CHILD_TIMELINE,CHILDID,MUL,,YES,int,int(10) unsigned,,CHILD,ID
CHILD_TIMELINE,SOURCEID,,,YES,int,int(10) unsigned,,,
CHILD_TIMELINE,ACTIVITY_TYPEID,MUL,,YES,int,int(10) unsigned,,ACTIVITY_TYPE,ID
CHILD_TIMELINE,CREATED_BY,MUL,,NO,int,int(10) unsigned,,USER,ID
CHILD_TIMELINE,CREATED_AT,,CURRENT_TIMESTAMP,NO,timestamp,timestamp,,,
CHILD_TIMELINE,UPDATED_AT,,CURRENT_TIMESTAMP,NO,timestamp,timestamp,,,
CHILD_TIMELINE,TAKEN_AT,,CURRENT_TIMESTAMP,NO,timestamp,timestamp,,,
CHILD_TIMELINE,DATA,,,NO,json,json,,,
CHILD_TIMELINE,COMMENTERS,,,NO,json,json,,,
COMMENT,ID,PRI,,NO,int,int(10) unsigned,auto_increment,,
COMMENT,COMMENT,,,YES,varchar,varchar(250),,,
COMMENT,COMMENTED_BY,MUL,,NO,int,int(10) unsigned,,USER,ID
COMMENT,ACTIVITY_TYPEID,MUL,,NO,int,int(10) unsigned,,ACTIVITY_TYPE,ID
COMMENT,SOURCEID,,,NO,int,int(10) unsigned,,,
COMMENT,CHILDID,MUL,,NO,int,int(10) unsigned,,CHILD,ID
COMMENT,CREATED_AT,,CURRENT_TIMESTAMP,NO,timestamp,timestamp,,,
COUNTRY,NAME,PRI,,NO,varchar,varchar(45),,,
COUNTRY,CODE,UNI,,NO,varchar,varchar(3),,,
COUNTRY,PRIORITY,,100,NO,int,int(10) unsigned,,,
COUNTRY,LOCALEID,MUL,,YES,int,int(10) unsigned,,LOCALE,ID
COUNTRY,ENGLISHID,,,YES,int,int(11),,,
COUNTRY,CREATED_AT,,CURRENT_TIMESTAMP,YES,timestamp,timestamp,,,
COUNTRY,APPLANGA_CODE,,,YES,varchar,varchar(255),,,
CRYING,ID,PRI,,NO,int,int(10) unsigned,auto_increment,,
CRYING,CHILDID,MUL,,NO,int,int(10) unsigned,,CHILD,ID
CRYING,DURATION,,,NO,varchar,varchar(255),,,
CRYING,REASON_CRYINGID,MUL,,YES,int,int(10) unsigned,,REASON_CRYING,ID
CRYING,TAKEN_AT,,CURRENT_TIMESTAMP,YES,timestamp,timestamp,,,
CRYING,CREATED_BY,MUL,,NO,int,int(10) unsigned,,USER,ID
CRYING,CREATED_AT,,CURRENT_TIMESTAMP,YES,timestamp,timestamp,,,
CRYING,IS_USER_DISPUTE,,0,YES,tinyint,tinyint(1),,,
CRYING,ISSYSTEM,,0,YES,tinyint,tinyint(1),,,
CRYING,DURATION_SECONDS,,,YES,int,int(10) unsigned,,,
DIAPER_STOOL,ID,PRI,,NO,int,int(10) unsigned,auto_increment,,
DIAPER_STOOL,CHILDID,MUL,,NO,int,int(10) unsigned,,CHILD,ID
DIAPER_STOOL,IMAGE_FILE,,,YES,varchar,varchar(200),,,
DIAPER_STOOL,TAKEN_AT,,,YES,timestamp,timestamp,,,
DIAPER_STOOL,CREATED_AT,,CURRENT_TIMESTAMP,YES,timestamp,timestamp,,,
DIAPER_STOOL,CREATED_BY,MUL,,NO,int,int(10) unsigned,,USER,ID
DIAPER_STOOL,IS_WET_DIAPER,,,YES,tinyint,tinyint(1),,,
DIAPER_STOOL,IS_DIRTY_DIAPER,,,YES,tinyint,tinyint(1),,,
DIAPER_STOOL,IS_USER_DISPUTE,,,YES,tinyint,tinyint(1),,,
DRAFT_EDITORS,ID,PRI,,NO,int,int(10) unsigned,auto_increment,,
DRAFT_EDITORS,USERID,MUL,,NO,int,int(10) unsigned,,USER,ID
DRAFT_EDITORS,TOC_PRIVACY_DRAFTID,MUL,,NO,int,int(10) unsigned,,TOC_PRIVACY_DRAFT,ID
DRAFT_EDITORS,ACTION,,,NO,enum,"enum('create','update')",,,
DRAFT_EDITORS,CREATED_AT,,CURRENT_TIMESTAMP,YES,timestamp,timestamp,,,
EDUCATION,ID,PRI,,NO,int,int(10) unsigned,auto_increment,,
EDUCATION,NAME,,,YES,varchar,varchar(250),,,
EDUCATION,LOCALEID,MUL,,YES,int,int(10) unsigned,,LOCALE,ID
EDUCATION,ENGLISHID,,,YES,int,int(11),,,
EDUCATION,CREATED_AT,,CURRENT_TIMESTAMP,YES,timestamp,timestamp,,,
EDUCATION,APPLANGACODE,,,YES,varchar,varchar(250),,,
EDUCATION_FEEDBACK,ID,PRI,,NO,int,int(10) unsigned,auto_increment,,
EDUCATION_FEEDBACK,EDUCATIONID,MUL,,YES,int,int(10) unsigned,,EDUCATION,ID
EDUCATION_FEEDBACK,QUESTION,,,YES,text,text,,,
EDUCATION_FEEDBACK,CREATED_AT,,CURRENT_TIMESTAMP,YES,timestamp,timestamp,,,
EDUCATION_FEEDBACK,LOCALEID,MUL,,YES,int,int(10) unsigned,,LOCALE,ID
EDUCATION_FEEDBACK,ENGLISHID,,,YES,int,int(11),,,
EDUCATION_FEEDBACK,APPLANGACODE,,,YES,varchar,varchar(250),,,
EDUCATION_VIDEO,ID,PRI,,NO,int,int(10) unsigned,auto_increment,,
EDUCATION_VIDEO,TITLE,,,YES,varchar,varchar(100),,,
EDUCATION_VIDEO,EDUCATIONID,MUL,,YES,int,int(10) unsigned,,EDUCATION,ID
EDUCATION_VIDEO,LOCALEID,MUL,,YES,int,int(10) unsigned,,LOCALE,ID
EDUCATION_VIDEO,ENGLISHID,,,YES,int,int(11),,,
EDUCATION_VIDEO,APPLANGACODE,,,YES,varchar,varchar(250),,,
EXPRESS_FEEDING,ID,PRI,,NO,int,int(10) unsigned,auto_increment,,
EXPRESS_FEEDING,CHILDID,MUL,,NO,int,int(10) unsigned,,CHILD,ID
EXPRESS_FEEDING,CONVERTED_SI_PREPARED_VALUE,,,NO,float,"float(8,2)",,,
EXPRESS_FEEDING,MEASURE_PREPARED_UNITID,MUL,,NO,int,int(10) unsigned,,MEASURE_UNIT,ID
EXPRESS_FEEDING,CONVERTED_SI_REMAINING_VALUE,,,NO,float,"float(8,2)",,,
EXPRESS_FEEDING,MEASURE_REMAINING_UNITID,MUL,,NO,int,int(10) unsigned,,MEASURE_UNIT,ID
EXPRESS_FEEDING,CONVERTED_SI_CONSUMED_VALUE,,,NO,float,"float(8,2)",,,
EXPRESS_FEEDING,MEASURE_CONSUMED_UNITID,MUL,,NO,int,int(10) unsigned,,MEASURE_UNIT,ID
EXPRESS_FEEDING,ACTUAL_PREPARED_VALUE,,,NO,float,"float(8,2)",,,
EXPRESS_FEEDING,ACTUAL_PREPARED_MEASURE_UNITID,MUL,,NO,int,int(10) unsigned,,MEASURE_UNIT,ID
EXPRESS_FEEDING,ACTUAL_REMAINING_VALUE,,,NO,float,"float(8,2)",,,
EXPRESS_FEEDING,ACTUAL_REMAINING_MEASURE_UNITID,MUL,,NO,int,int(10) unsigned,,MEASURE_UNIT,ID
EXPRESS_FEEDING,ACTUAL_CONSUMED_VALUE,,,NO,float,"float(8,2)",,,
EXPRESS_FEEDING,ACTUAL_CONSUMED_MEASURE_UNITID,MUL,,NO,int,int(10) unsigned,,MEASURE_UNIT,ID
EXPRESS_FEEDING,CREATED_AT,,CURRENT_TIMESTAMP,YES,timestamp,timestamp,,,
EXPRESS_FEEDING,CREATED_BY,MUL,,NO,int,int(10) unsigned,,USER,ID
FEEDING,ID,PRI,,NO,int,int(10) unsigned,auto_increment,,
FEEDING,FEEDING_TYPEID,MUL,,NO,int,int(10) unsigned,,FEEDING_TYPE,ID
FEEDING,FEEDINGID,,,YES,int,int(10) unsigned,,,
FEEDING,TAKEN_AT,,CURRENT_TIMESTAMP,YES,timestamp,timestamp,,,
FEEDING,CREATED_AT,,CURRENT_TIMESTAMP,YES,timestamp,timestamp,,,
FEEDING,CREATED_BY,MUL,,NO,int,int(10) unsigned,,USER,ID
FEEDING,CHILDID,MUL,,NO,int,int(10) unsigned,,CHILD,ID
FEEDING_OPTION,ID,PRI,,NO,int,int(10) unsigned,auto_increment,,
FEEDING_OPTION,LABEL,,,NO,varchar,varchar(100),,,
FEEDING_OPTION,APPLANGACODE,,,YES,varchar,varchar(250),,,
FEEDING_OPTION,CREATED_AT,,CURRENT_TIMESTAMP,YES,timestamp,timestamp,,,
FEEDING_OPTION,UPDATED_AT,,,YES,timestamp,timestamp,,,
FEEDING_TYPE,ID,PRI,,NO,int,int(10) unsigned,auto_increment,,
FEEDING_TYPE,NAME,,,NO,varchar,varchar(45),,,
FEEDING_TYPE,TABLE_SOURCE,,,NO,varchar,varchar(100),,,
FOOD_DIARY,ID,PRI,,NO,int,int(10) unsigned,auto_increment,,
FOOD_DIARY,CHILDID,MUL,,NO,int,int(10) unsigned,,CHILD,ID
FOOD_DIARY,CONSUMED_AT,,CURRENT_TIMESTAMP,YES,timestamp,timestamp,,,
FOOD_DIARY,ISDEFAULT,,0,NO,tinyint,tinyint(1),,,
FOOD_DIARY,CREATED_AT,,CURRENT_TIMESTAMP,YES,timestamp,timestamp,,,
FOOD_DIARY,CREATED_BY,MUL,,NO,int,int(10) unsigned,,USER,ID
FOOD_DIARY_DETAILS,ID,PRI,,NO,int,int(10) unsigned,auto_increment,,
FOOD_DIARY_DETAILS,FOOD_DIARYID,MUL,,NO,int,int(10) unsigned,,FOOD_DIARY,ID
FOOD_DIARY_DETAILS,FOODID,,,NO,varchar,varchar(255),,,
FOOD_DIARY_DETAILS,FOODNAME,,,NO,varchar,varchar(255),,,
FOOD_DIARY_DETAILS,QUANTITY,,,NO,varchar,varchar(100),,,
FOOD_DIARY_DETAILS,DANONE_FOOD_GROUP,,,YES,varchar,varchar(255),,,
FOOD_DIARY_NUTRIENT_COMPUTATION,ID,PRI,,NO,int,int(10) unsigned,auto_increment,,
FOOD_DIARY_NUTRIENT_COMPUTATION,FOOD_DIARYID,MUL,,NO,int,int(10) unsigned,,FOOD_DIARY,ID
FOOD_DIARY_NUTRIENT_COMPUTATION,TOTALCALORIESINFAT,,,NO,float,"float(8,2)",,,
FOOD_DIARY_NUTRIENT_COMPUTATION,TOTALCALORIESINCARBS,,,NO,float,"float(8,2)",,,
FOOD_DIARY_NUTRIENT_COMPUTATION,TOTALCALORIESINPROTEIN,,,NO,float,"float(8,2)",,,
FOOD_DIARY_NUTRIENT_COMPUTATION,TOTALCALORIES,,,NO,float,"float(8,2)",,,
FOOD_DIARY_NUTRIENT_COMPUTATION,PERCENTAGOFFAT,,,NO,float,"float(8,2)",,,
FOOD_DIARY_NUTRIENT_COMPUTATION,PERCENTAGEOFCARBS,,,NO,float,"float(8,2)",,,
FOOD_DIARY_NUTRIENT_COMPUTATION,PERCENTAGEOFPROTEIN,,,NO,float,"float(8,2)",,,
FOOD_DIARY_NUTRIENT_COMPUTATION,PERCENTAGEOFOTHERS,,,NO,float,"float(8,2)",,,
FOOD_DIARY_NUTRIENT_COMPUTATION,CREATED_AT,,CURRENT_TIMESTAMP,YES,timestamp,timestamp,,,
FOOD_DIARY_NUTRIENT_COMPUTATION,SUM_DIETARY_FIBER,,,NO,float,"float(8,2)",,,
FOOD_DIARY_NUTRIENT_COMPUTATION,SUM_VITAMIN_A,,,NO,float,"float(8,2)",,,
FOOD_DIARY_NUTRIENT_COMPUTATION,SUM_VITAMIN_C,,,NO,float,"float(8,2)",,,
FOOD_DIARY_NUTRIENT_COMPUTATION,SUM_VITAMIN_D,,,NO,float,"float(8,2)",,,
FOOD_DIARY_NUTRIENT_COMPUTATION,SUM_IRON,,,NO,float,"float(8,2)",,,
FOOD_DIARY_NUTRIENT_COMPUTATION,SUM_CALCIUM,,,NO,float,"float(8,2)",,,
FOOD_DIARY_NUTRIENT_COMPUTATION,SUM_ZINC,,,NO,float,"float(8,2)",,,
GROWTH_CENTILE_CONFIG,ID,PRI,,NO,int,int(10) unsigned,auto_increment,,
GROWTH_CENTILE_CONFIG,SOURCE,MUL,,NO,varchar,varchar(3),,,
GROWTH_CENTILE_CONFIG,MODULE,MUL,,NO,varchar,varchar(50),,,
GROWTH_CENTILE_CONFIG,IS_ON,,1,YES,tinyint,tinyint(1),,,
GROWTH_CENTILE_CONFIG,CREATED_AT,,CURRENT_TIMESTAMP,YES,timestamp,timestamp,,,
GROWTH_CENTILE_CONFIG,UPDATED_AT,,,YES,timestamp,timestamp,,,
INVITATION,ID,PRI,,NO,int,int(10) unsigned,auto_increment,,
INVITATION,EMAIL,,,NO,varchar,varchar(45),,,
INVITATION,RELATIONSHIPID,MUL,,NO,int,int(10) unsigned,,RELATIONSHIP,ID
INVITATION,CHILDID,MUL,,NO,int,int(10) unsigned,,CHILD,ID
INVITATION,INVITER_USERID,MUL,,NO,int,int(10) unsigned,,USER,ID
INVITATION,ISACCEPTED,,1,NO,tinyint,tinyint(1),,,
INVITATION,CREATED_AT,,CURRENT_TIMESTAMP,NO,timestamp,timestamp,,,
INVITATION,CREATED_BY,MUL,,NO,int,int(10) unsigned,,USER,ID
LOCALE,ID,PRI,,NO,int,int(10) unsigned,auto_increment,,
LOCALE,NAME,,,YES,varchar,varchar(45),,,
LOCALE,FULLNAME,,,YES,varchar,varchar(100),,,
LOCALE,CREATED_AT,,CURRENT_TIMESTAMP,YES,timestamp,timestamp,,,
MEASURE_TYPE,ID,PRI,,NO,int,int(10) unsigned,auto_increment,,
MEASURE_TYPE,NAME,,,NO,varchar,varchar(100),,,
MEASURE_TYPE,CREATED_AT,,CURRENT_TIMESTAMP,YES,timestamp,timestamp,,,
MEASURE_UNIT,ID,PRI,,NO,int,int(10) unsigned,auto_increment,,
MEASURE_UNIT,NAME,,,NO,varchar,varchar(45),,,
MEASURE_UNIT,SYMBOL,,,NO,varchar,varchar(5),,,
MEASURE_UNIT,MEASURE_TYPEID,MUL,,YES,int,int(10) unsigned,,MEASURE_TYPE,ID
MEASURE_UNIT,SYSTEM_TYPE,,,NO,enum,"enum('Metric','Imperial')",,,
MEASURE_UNIT,BASE_SI,,,NO,tinyint,tinyint(1),,,
MEASURE_UNIT,CREATED_AT,,CURRENT_TIMESTAMP,YES,timestamp,timestamp,,,
MEDICAL_HISTORY,ID,PRI,,NO,int,int(10) unsigned,auto_increment,,
MEDICAL_HISTORY,FORPARENT,,1,NO,tinyint,tinyint(1),,,
MEDICAL_HISTORY,QUESTION,,,NO,varchar,varchar(250),,,
MEDICAL_HISTORY,PARENTID,MUL,,YES,int,int(10) unsigned,,MEDICAL_HISTORY,ID
MEDICAL_HISTORY,QUESTION_TYPEID,MUL,1,NO,int,int(10) unsigned,,QUESTION_TYPE,ID
MEDICAL_HISTORY,LOCALEID,MUL,,NO,int,int(10) unsigned,,LOCALE,ID
MEDICAL_HISTORY,ENGLISHID,,,YES,int,int(11),,,
MEDICAL_HISTORY,APPLANGACODE,,,YES,varchar,varchar(250),,,
MEDICAL_HISTORY_OPTION,ID,PRI,,NO,int,int(10) unsigned,auto_increment,,
MEDICAL_HISTORY_OPTION,LABEL,,,NO,varchar,varchar(250),,,
MEDICAL_HISTORY_OPTION,MEDICAL_HISTORYID,MUL,,YES,int,int(10) unsigned,,MEDICAL_HISTORY,ID
MEDICAL_HISTORY_OPTION,LOCALEID,MUL,,NO,int,int(10) unsigned,,LOCALE,ID
MEDICAL_HISTORY_OPTION,ENGLISHID,,,YES,int,int(11),,,
MEDICAL_HISTORY_OPTION,APPLANGACODE,,,YES,varchar,varchar(250),,,
MEDICAL_HISTORY_RESPONSE,ID,PRI,,NO,int,int(10) unsigned,auto_increment,,
MEDICAL_HISTORY_RESPONSE,RESPONDENTID,,,YES,int,int(10) unsigned,,,
MEDICAL_HISTORY_RESPONSE,QUESTION_NAME,,,YES,varchar,varchar(250),,,
MEDICAL_HISTORY_RESPONSE,ISPARENT,,0,NO,tinyint,tinyint(1),,,
MEDICAL_HISTORY_RESPONSE,MEDICAL_HISTORYID,MUL,,YES,int,int(10) unsigned,,MEDICAL_HISTORY,ID
MEDICAL_HISTORY_RESPONSE,RESPONSE,,,NO,varchar,varchar(250),,,
MEDICAL_HISTORY_RESPONSE,CREATED_AT,,CURRENT_TIMESTAMP,NO,timestamp,timestamp,,,
MEDICAL_HISTORY_RESPONSE,UPDATED_AT,,CURRENT_TIMESTAMP,NO,timestamp,timestamp,,,
MEDICAL_HISTORY_RESPONSE,ISACTIVE,,1,NO,tinyint,tinyint(1),,,
MEDICAL_HISTORY_RESPONSE,CREATED_BY,MUL,,NO,int,int(10) unsigned,,USER,ID
MILESTONE,ID,PRI,,NO,int,int(10) unsigned,auto_increment,,
MILESTONE,NAME,,,NO,longtext,longtext,,,
MILESTONE,LOCALEID,MUL,,NO,int,int(10) unsigned,,LOCALE,ID
MILESTONE,ENGLISHID,,,YES,int,int(10) unsigned,,,
MILESTONE,ISACTIVE,,0,NO,tinyint,tinyint(1),,,
MILESTONE,CREATED_AT,,CURRENT_TIMESTAMP,YES,timestamp,timestamp,,,
MILESTONE,APPLANGACODE,,,YES,varchar,varchar(250),,,
OPTION_SCORE,ID,PRI,,NO,int,int(10) unsigned,auto_increment,,
OPTION_SCORE,LABEL,,,YES,varchar,varchar(250),,,
OPTION_SCORE,SCORE,,0.00000000000,NO,float,"float(14,11)",,,
OPTION_SCORE,LOCALEID,MUL,,NO,int,int(10) unsigned,,LOCALE,ID
OPTION_SCORE,ENGLISHID,,,YES,int,int(11),,,
OPTION_SCORE,ISACTIVE,,1,NO,tinyint,tinyint(1),,,
OPTION_SCORE,APPLANGA_CODE,,,YES,varchar,varchar(255),,,
PROGRESS_TYPE,ID,PRI,,NO,int,int(10) unsigned,auto_increment,,
PROGRESS_TYPE,NAME,,,NO,varchar,varchar(45),,,
PROGRESS_TYPE,MEASURE_TYPEID,MUL,,YES,int,int(10) unsigned,,MEASURE_TYPE,ID
PROGRESS_TYPE,CREATED_AT,,CURRENT_TIMESTAMP,YES,timestamp,timestamp,,,
QUESTION,ID,PRI,,NO,int,int(10) unsigned,auto_increment,,
QUESTION,LABEL,,,YES,varchar,varchar(250),,,
QUESTION,DESCRIPTION,,,YES,text,text,,,
QUESTION,IMAGE_FILE,,,YES,varchar,varchar(200),,,
QUESTION,QUESTIONNAIREID,MUL,,NO,int,int(10) unsigned,,QUESTIONNAIRE,ID
QUESTION,QUESTION_TYPEID,MUL,,NO,int,int(10) unsigned,,QUESTION_TYPE,ID
QUESTION,ISACTIVE,,1,NO,tinyint,tinyint(1),,,
QUESTION,LOCALEID,MUL,,NO,int,int(10) unsigned,,LOCALE,ID
QUESTION,ENGLISHID,,,YES,int,int(11),,,
QUESTION,MAX_CHOICES,,,NO,int,int(10) unsigned,,,
QUESTION,CREATED_AT,,CURRENT_TIMESTAMP,NO,timestamp,timestamp,,,
QUESTION,UPDATED_AT,,CURRENT_TIMESTAMP,NO,timestamp,timestamp,,,
QUESTION,APPLANGA_CODE,,,YES,varchar,varchar(255),,,
QUESTIONNAIRE,ID,PRI,,NO,int,int(10) unsigned,auto_increment,,
QUESTIONNAIRE,NAME,,,NO,varchar,varchar(50),,,
QUESTIONNAIRE,IMAGE,,,NO,varchar,varchar(200),,,
QUESTIONNAIRE,DESCRIPTION,,,NO,varchar,varchar(250),,,
QUESTIONNAIRE,CREATED_AT,,CURRENT_TIMESTAMP,NO,timestamp,timestamp,,,
QUESTIONNAIRE,LOCALEID,MUL,,NO,int,int(10) unsigned,,LOCALE,ID
QUESTIONNAIRE,ENGLISHID,,,YES,int,int(11),,,
QUESTIONNAIRE,APPLANGA_CODE,,,YES,varchar,varchar(255),,,
QUESTION_TYPE,ID,PRI,,NO,int,int(10) unsigned,auto_increment,,
QUESTION_TYPE,NAME,,,YES,varchar,varchar(45),,,
QUESTION_TYPE,CREATED_AT,,CURRENT_TIMESTAMP,NO,timestamp,timestamp,,,
Q_ANSWER,ID,PRI,,NO,int,int(10) unsigned,auto_increment,,
Q_ANSWER,QUESTIONID,MUL,,NO,int,int(10) unsigned,,QUESTION,ID
Q_ANSWER,Q_OPTIONID,MUL,,NO,int,int(10) unsigned,,Q_OPTION,ID
Q_ANSWER,CHILDID,MUL,,NO,int,int(10) unsigned,,CHILD,ID
Q_ANSWER,ANSWERED_BY,MUL,,NO,int,int(10) unsigned,,USER,ID
Q_ANSWER,CREATED_AT,,CURRENT_TIMESTAMP,NO,timestamp,timestamp,,,
Q_OPTION,ID,PRI,,NO,int,int(10) unsigned,auto_increment,,
Q_OPTION,QUESTIONID,MUL,,NO,int,int(10) unsigned,,QUESTION,ID
Q_OPTION,CREATED_AT,,CURRENT_TIMESTAMP,NO,timestamp,timestamp,,,
Q_OPTION,UPDATED_AT,,CURRENT_TIMESTAMP,NO,timestamp,timestamp,,,
Q_OPTION,LOCALEID,MUL,,NO,int,int(10) unsigned,,LOCALE,ID
Q_OPTION,OPTION_SCOREID,MUL,,NO,int,int(10) unsigned,,OPTION_SCORE,ID
Q_OPTION,ENGLISHID,,,YES,int,int(11),,,
REASON_CRYING,ID,PRI,,NO,int,int(10) unsigned,auto_increment,,
REASON_CRYING,LABEL,,,NO,varchar,varchar(225),,,
REASON_CRYING,LOCALEID,MUL,,NO,int,int(10) unsigned,,LOCALE,ID
REASON_CRYING,ENGLISHID,,,YES,int,int(11),,,
REASON_CRYING,CREATED_AT,,CURRENT_TIMESTAMP,YES,timestamp,timestamp,,,
REASON_CRYING,APPLANGACODE,,,YES,varchar,varchar(250),,,
RELATIONSHIP,ID,PRI,,NO,int,int(10) unsigned,auto_increment,,
RELATIONSHIP,NAME,,,NO,varchar,varchar(45),,,
RELATIONSHIP,CREATED_AT,,CURRENT_TIMESTAMP,NO,timestamp,timestamp,,,
RELATIONSHIP,UPDATED_AT,,,YES,timestamp,timestamp,,,
RELATIONSHIP,ALLOW_MULTIPLE,,0,NO,tinyint,tinyint(1),,,
RELATIONSHIP,ISACTIVE,,1,NO,tinyint,tinyint(1),,,
RELATIONSHIP,APPLANGACODE,,,YES,varchar,varchar(250),,,
SLEEPING,ID,PRI,,NO,int,int(10) unsigned,auto_increment,,
SLEEPING,CHILDID,MUL,,NO,int,int(10) unsigned,,CHILD,ID
SLEEPING,START_AT,,,YES,timestamp,timestamp,,,
SLEEPING,END_AT,,,YES,timestamp,timestamp,,,
SLEEPING,SLEEP_CONDITIONID,MUL,,YES,int,int(10) unsigned,,SLEEP_CONDITION,ID
SLEEPING,CREATED_BY,MUL,,NO,int,int(10) unsigned,,USER,ID
SLEEPING,CREATED_AT,,CURRENT_TIMESTAMP,YES,timestamp,timestamp,,,
SLEEPING,TYPE,,,YES,smallint,smallint(6),,,
SLEEP_CONDITION,ID,PRI,,NO,int,int(10) unsigned,auto_increment,,
SLEEP_CONDITION,LABEL,,,NO,varchar,varchar(225),,,
SLEEP_CONDITION,LOCALEID,MUL,,NO,int,int(10) unsigned,,LOCALE,ID
SLEEP_CONDITION,ENGLISHID,,,YES,int,int(11),,,
SLEEP_CONDITION,CREATED_AT,,CURRENT_TIMESTAMP,YES,timestamp,timestamp,,,
SLEEP_CONDITION,APPLANGACODE,,,YES,varchar,varchar(250),,,
STOOL_GRADE,ID,PRI,,NO,int,int(10) unsigned,auto_increment,,
STOOL_GRADE,STOOLID,MUL,,NO,int,int(10) unsigned,,DIAPER_STOOL,ID
STOOL_GRADE,GRADE,,,YES,float,"float(7,6)",,,
STOOL_GRADE,GRADED_BY,,,YES,int,int(10) unsigned,,,
STOOL_GRADE,CREATED_AT,,CURRENT_TIMESTAMP,YES,timestamp,timestamp,,,
STOOL_GRADE,CREATED_BY,MUL,,NO,int,int(10) unsigned,,USER,ID
STOOL_GRADE,COLOR,,,YES,varchar,varchar(45),,,
STOOL_GRADE,CONSISTENCY,,,YES,varchar,varchar(45),,,
STOOL_GRADE,IS_AI_INFERRED,,0,YES,tinyint,tinyint(1),,,
STOOL_GRADE,USER_CHANGE_COLOR,,0,YES,tinyint,tinyint(1),,,
STOOL_GRADE,USER_CHANGE_CONSISTENCY,,0,YES,tinyint,tinyint(1),,,
STOOL_GRADE,AI_COLOR,,,YES,varchar,varchar(45),,,
STOOL_GRADE,AI_CONSISTENCY,,,YES,varchar,varchar(45),,,
SURVEY,ID,PRI,,NO,int,int(10) unsigned,auto_increment,,
SURVEY,URL,,,NO,varchar,varchar(150),,,
SURVEY,END_AT,,,NO,timestamp,timestamp,,,
SURVEY,COUNTRY_CODE,MUL,,YES,varchar,varchar(3),,COUNTRY,CODE
SURVEY,CREATED_BY,MUL,,NO,int,int(10) unsigned,,USER,ID
SURVEY,CREATED_AT,,CURRENT_TIMESTAMP,YES,timestamp,timestamp,,,
SURVEY_ACCEPTANCE,ID,PRI,,NO,int,int(10) unsigned,auto_increment,,
SURVEY_ACCEPTANCE,SURVEYID,MUL,,NO,int,int(10) unsigned,,SURVEY,ID
SURVEY_ACCEPTANCE,USERID,MUL,,NO,int,int(10) unsigned,,USER,ID
SURVEY_ACCEPTANCE,ANSWERED,,0,YES,tinyint,tinyint(1),,,
SURVEY_ACCEPTANCE,CREATED_AT,,CURRENT_TIMESTAMP,YES,timestamp,timestamp,,,
SYMPTOM_QUESTION,ID,PRI,,NO,int,int(10) unsigned,auto_increment,,
SYMPTOM_QUESTION,LABEL,,,NO,varchar,varchar(255),,,
SYMPTOM_QUESTION,CREATED_AT,,CURRENT_TIMESTAMP,NO,timestamp,timestamp,,,
SYMPTOM_QUESTION,UPDATED_AT,,CURRENT_TIMESTAMP,NO,timestamp,timestamp,,,
SYMPTOM_QUESTION,APPLANGACODE,,,YES,varchar,varchar(250),,,
SYMPTOM_QUESTION_ANSWER,ID,PRI,,NO,int,int(10) unsigned,auto_increment,,
SYMPTOM_QUESTION_ANSWER,RESPONSE,,,YES,varchar,varchar(255),,,
SYMPTOM_QUESTION_ANSWER,PHOTO_URL,,,YES,varchar,varchar(255),,,
SYMPTOM_QUESTION_ANSWER,SYMPTOM_SUMMARYID,MUL,,NO,int,int(10) unsigned,,SYMPTOM_SUMMARY,ID
SYMPTOM_QUESTION_ANSWER,SYMPTOM_QUESTIONID,MUL,,NO,int,int(10) unsigned,,SYMPTOM_QUESTION,ID
SYMPTOM_QUESTION_ANSWER,CREATED_AT,,CURRENT_TIMESTAMP,NO,timestamp,timestamp,,,
SYMPTOM_QUESTION_ANSWER,UPDATED_AT,,CURRENT_TIMESTAMP,NO,timestamp,timestamp,,,
SYMPTOM_QUESTION_ANSWER,GROUP_SESSION,,,YES,varchar,varchar(50),,,
SYMPTOM_SUMMARY,ID,PRI,,NO,int,int(10) unsigned,auto_increment,,
SYMPTOM_SUMMARY,CREATED_AT,,CURRENT_TIMESTAMP,NO,timestamp,timestamp,,,
SYMPTOM_SUMMARY,UPDATED_AT,,CURRENT_TIMESTAMP,NO,timestamp,timestamp,,,
SYMPTOM_SUMMARY,ENDED_AT,,,YES,timestamp,timestamp,,,
SYMPTOM_SUMMARY,USERID,MUL,,NO,int,int(10) unsigned,,USER,ID
SYMPTOM_SUMMARY,CHILDID,MUL,,NO,int,int(10) unsigned,,CHILD,ID
SYSTEM_NOTES,ID,PRI,,NO,int,int(10) unsigned,auto_increment,,
SYSTEM_NOTES,LICENSES,,,YES,text,text,,,
SYSTEM_NOTES,NUTRITION_CITATION,,,YES,text,text,,,
SYSTEM_NOTES,IS_ACTIVE,,1,YES,tinyint,tinyint(1),,,
SYSTEM_NOTES,CREATED_AT,,CURRENT_TIMESTAMP,NO,timestamp,timestamp,,,
SYSTEM_NOTES,UPDATED_AT,,,YES,timestamp,timestamp,,,
SYSTEM_ROLE,ID,PRI,,NO,int,int(10) unsigned,auto_increment,,
SYSTEM_ROLE,NAME,UNI,,YES,varchar,varchar(50),,,
SYSTEM_ROLE,CREATED_AT,,CURRENT_TIMESTAMP,YES,timestamp,timestamp,,,
TERM_PRIVACY_ACCEPTANCE,ID,PRI,,NO,int,int(10) unsigned,auto_increment,,
TERM_PRIVACY_ACCEPTANCE,USERID,MUL,,NO,int,int(10) unsigned,,USER,ID
TERM_PRIVACY_ACCEPTANCE,TERM_OPTIONSID,MUL,,NO,int,int(10) unsigned,,TERM_PRIVACY_OPTIONS,ID
TERM_PRIVACY_ACCEPTANCE,TOC_PRIVACYID,MUL,,NO,int,int(10) unsigned,,TOC_PRIVACY,ID
TERM_PRIVACY_ACCEPTANCE,ISACTIVE,,1,NO,tinyint,tinyint(1),,,
TERM_PRIVACY_ACCEPTANCE,ACCEPTED_AT,,CURRENT_TIMESTAMP,YES,timestamp,timestamp,,,
TERM_PRIVACY_ACCEPTANCE,CHECKED,,,YES,tinyint,tinyint(1),,,
TERM_PRIVACY_OPTIONS,ID,PRI,,NO,int,int(10) unsigned,auto_increment,,
TERM_PRIVACY_OPTIONS,NAME,,,NO,varchar,varchar(100),,,
THEME,ID,PRI,,NO,int,int(10) unsigned,auto_increment,,
THEME,COUNTRY_CODE,,,YES,varchar,varchar(3),,,
THEME,CREATED_AT,,CURRENT_TIMESTAMP,YES,timestamp,timestamp,,,
THEME,THEME,,,NO,json,json,,,
TOC_PRIVACY,ID,PRI,,NO,int,int(10) unsigned,auto_increment,,
TOC_PRIVACY,TOC,,,YES,text,text,,,
TOC_PRIVACY,PRIVACY,,,YES,text,text,,,
TOC_PRIVACY,LOCALEID,MUL,,NO,int,int(10) unsigned,,LOCALE,ID
TOC_PRIVACY,ISACTIVE,,0,NO,tinyint,tinyint(1),,,
TOC_PRIVACY,VERSION,,,YES,int,int(10) unsigned,,,
TOC_PRIVACY,ACTIVATED_AT,,,YES,timestamp,timestamp,,,
TOC_PRIVACY,DEACTIVATED_AT,,,YES,timestamp,timestamp,,,
TOC_PRIVACY,PUBLISHED_AT,,,YES,timestamp,timestamp,,,
TOC_PRIVACY,CREATED_AT,,CURRENT_TIMESTAMP,YES,timestamp,timestamp,,,
TOC_PRIVACY,CREATED_BY,MUL,,NO,int,int(10) unsigned,,USER,ID
TOC_PRIVACY,UPDATED_BY,MUL,,NO,int,int(10) unsigned,,USER,ID
TOC_PRIVACY,PRIVACY_COLLECTION_OF_DATA,,,YES,text,text,,,
TOC_PRIVACY,PRIVACY_READ_UNDERSTOOD,,,YES,text,text,,,
TOC_PRIVACY,ENGLISHID,,,YES,int,int(11),,,
TOC_PRIVACY,ISBROADCAST,,0,NO,tinyint,tinyint(1),,,
TOC_PRIVACY,COUNTRY_CODE,MUL,,YES,varchar,varchar(3),,COUNTRY,CODE
TOC_PRIVACY_ACCEPTANCE,ID,PRI,,NO,int,int(10) unsigned,auto_increment,,
TOC_PRIVACY_ACCEPTANCE,USERID,MUL,,NO,int,int(10) unsigned,,USER,ID
TOC_PRIVACY_ACCEPTANCE,TOC_PRIVACYID,MUL,,NO,int,int(10) unsigned,,TOC_PRIVACY,ID
TOC_PRIVACY_ACCEPTANCE,ISACCEPTED_TOC,,1,NO,tinyint,tinyint(1),,,
TOC_PRIVACY_ACCEPTANCE,ISACCEPTED_PRIVACY_READ,,1,NO,tinyint,tinyint(1),,,
TOC_PRIVACY_ACCEPTANCE,ISACCEPTED_PRIVACY_COLLECT,,1,NO,tinyint,tinyint(1),,,
TOC_PRIVACY_ACCEPTANCE,TOC_ACCEPTED_AT,,,YES,timestamp,timestamp,,,
TOC_PRIVACY_ACCEPTANCE,PRIVACY_POLICY_READ_ACCEPTED_AT,,CURRENT_TIMESTAMP,YES,timestamp,timestamp,,,
TOC_PRIVACY_ACCEPTANCE,PRIVACY_POLICY_COLLECT_ACCEPTED_AT,,CURRENT_TIMESTAMP,YES,timestamp,timestamp,,,
TOC_PRIVACY_DRAFT,ID,PRI,,NO,int,int(10) unsigned,auto_increment,,
TOC_PRIVACY_DRAFT,TOC,,,YES,text,text,,,
TOC_PRIVACY_DRAFT,PRIVACY,,,YES,text,text,,,
TOC_PRIVACY_DRAFT,PRIVACY_COLLECTION_OF_DATA,,,YES,text,text,,,
TOC_PRIVACY_DRAFT,PRIVACY_READ_UNDERSTOOD,,,YES,text,text,,,
TOC_PRIVACY_DRAFT,LOCALEID,MUL,,NO,int,int(10) unsigned,,LOCALE,ID
TOC_PRIVACY_DRAFT,ENGLISHID,,,YES,int,int(11),,,
TOC_PRIVACY_DRAFT,TOC_PRIVACYID,MUL,,YES,int,int(10) unsigned,,TOC_PRIVACY,ID
TOC_PRIVACY_DRAFT,ISACTIVE,,1,YES,tinyint,tinyint(1),,,
TOC_PRIVACY_DRAFT,VERSION,,,NO,int,int(11),,,
TOC_PRIVACY_DRAFT,CREATED_AT,,CURRENT_TIMESTAMP,YES,timestamp,timestamp,,,
TOC_PRIVACY_DRAFT,COUNTRY_CODE,MUL,,YES,varchar,varchar(3),,COUNTRY,CODE
USER,ID,PRI,,NO,int,int(10) unsigned,auto_increment,,
USER,SYSTEM_ROLEID,MUL,,NO,int,int(10) unsigned,,SYSTEM_ROLE,ID
USER,FIRSTNAME,,,NO,varchar,varchar(45),,,
USER,LASTNAME,,,NO,varchar,varchar(45),,,
USER,EMAIL,UNI,,NO,varchar,varchar(45),,,
USER,NICKNAME,,,YES,varchar,varchar(45),,,
USER,IMAGE,,,YES,varchar,varchar(255),,,
USER,CREATED_AT,,CURRENT_TIMESTAMP,YES,timestamp,timestamp,,,
USER,UPDATED_AT,,CURRENT_TIMESTAMP,YES,timestamp,timestamp,,,
USER,REGISTERED_AT,,CURRENT_TIMESTAMP,YES,timestamp,timestamp,,,
USER,ISACTIVE,,1,NO,tinyint,tinyint(1),,,
USER,BDAY,,,YES,varchar,varchar(255),,,
USER,COUNTRY,,,YES,varchar,varchar(255),,,
USER,USER_EDUCATIONID,,,YES,int,int(10) unsigned,,,
USER_APP_SETTING,ID,PRI,,NO,int,int(10) unsigned,auto_increment,,
USER_APP_SETTING,USERID,MUL,,NO,int,int(10) unsigned,,USER,ID
USER_APP_SETTING,SETTING,,,YES,json,json,,,
USER_APP_SETTING,CREATED_AT,,CURRENT_TIMESTAMP,YES,timestamp,timestamp,,,
USER_APP_SETTING,UPDATED_AT,,CURRENT_TIMESTAMP,YES,timestamp,timestamp,,,
USER_CHILD,ID,PRI,,NO,int,int(10) unsigned,auto_increment,,
USER_CHILD,USERID,MUL,,NO,int,int(10) unsigned,,USER,ID
USER_CHILD,CHILDID,MUL,,NO,int,int(10) unsigned,,CHILD,ID
USER_CHILD,IS_CREATOR,,1,NO,tinyint,tinyint(1),,,
USER_CHILD,CREATED_AT,,CURRENT_TIMESTAMP,YES,timestamp,timestamp,,,
USER_EDUCATION,ID,PRI,,NO,int,int(10) unsigned,auto_increment,,
USER_EDUCATION,LEVEL,,,NO,varchar,varchar(250),,,
USER_EDUCATION,APPLANGACODE,,,YES,varchar,varchar(250),,,
USER_EDUCATION,CREATED_AT,,CURRENT_TIMESTAMP,YES,timestamp,timestamp,,,
USER_EDUCATION_FEEDBACK,ID,PRI,,NO,int,int(10) unsigned,auto_increment,,
USER_EDUCATION_FEEDBACK,EDUCATION_FEEDBACKID,MUL,,YES,int,int(10) unsigned,,EDUCATION_FEEDBACK,ID
USER_EDUCATION_FEEDBACK,USERID,MUL,,YES,int,int(10) unsigned,,USER,ID
USER_EDUCATION_FEEDBACK,RATING,,,YES,int,int(3),,,
USER_EDUCATION_FEEDBACK,CREATED_AT,,CURRENT_TIMESTAMP,YES,timestamp,timestamp,,,
USER_FIREBASE_TOKEN,ID,PRI,,NO,int,int(10) unsigned,auto_increment,,
USER_FIREBASE_TOKEN,USERID,MUL,,NO,int,int(10) unsigned,,USER,ID
USER_FIREBASE_TOKEN,FIREBASE_REGISTRATION_ID,,,YES,varchar,varchar(10000),,,
USER_FIREBASE_TOKEN,BADGE_COUNT,,,YES,int,int(11),,,
USER_FIREBASE_TOKEN,LOCALE,,,YES,varchar,varchar(45),,,
USER_QUESTIONNAIRE,ID,PRI,,NO,int,int(10) unsigned,auto_increment,,
USER_QUESTIONNAIRE,USERID,MUL,,NO,int,int(10) unsigned,,USER,ID
USER_QUESTIONNAIRE,QUESTIONNAIREID,MUL,,NO,int,int(10) unsigned,,QUESTIONNAIRE,ID
USER_QUESTIONNAIRE,ISACTIVE,,1,NO,tinyint,tinyint(1),,,
USER_QUESTIONNAIRE,CREATED_AT,,CURRENT_TIMESTAMP,NO,timestamp,timestamp,,,
VIDEO,ID,PRI,,NO,int,int(10) unsigned,auto_increment,,
VIDEO,THUMBNAIL_FILENAME,,,YES,varchar,varchar(100),,,
VIDEO,FILENAME,,,YES,varchar,varchar(100),,,
VIDEO,SUBTITLE,,,YES,varchar,varchar(200),,,
VIDEO,SRT_FILENAME,,,YES,varchar,varchar(100),,,
VIDEO,DESCRIPTION,,,YES,varchar,varchar(250),,,
VIDEO,VIDEO_CATEGORYID,MUL,,YES,int,int(10) unsigned,,VIDEO_CATEGORY,ID
VIDEO,EDUCATION_VIDEOID,MUL,,YES,int,int(10) unsigned,,EDUCATION_VIDEO,ID
VIDEO,LOCALEID,MUL,,YES,int,int(10) unsigned,,LOCALE,ID
VIDEO,ENGLISHID,,,YES,int,int(11),,,
VIDEO,CREATED_AT,,CURRENT_TIMESTAMP,YES,timestamp,timestamp,,,
VIDEO,UPDATED_AT,,CURRENT_TIMESTAMP,YES,timestamp,timestamp,,,
VIDEO,APPLANGACODESUBTITLE,,,YES,varchar,varchar(250),,,
VIDEO,APPLANGACODEDESCRIPTION,,,YES,varchar,varchar(250),,,
VIDEO_CATEGORY,ID,PRI,,NO,int,int(10) unsigned,auto_increment,,
VIDEO_CATEGORY,NAME,,,NO,varchar,varchar(45),,,
VIDEO_CATEGORY,IMG_ICON,,,YES,varchar,varchar(45),,,
VIDEO_CATEGORY,LOCALEID,MUL,,YES,int,int(10) unsigned,,LOCALE,ID
VIDEO_CATEGORY,ENGLISHID,,,YES,int,int(11),,,
VIDEO_CATEGORY,APPLANGACODE,,,YES,varchar,varchar(250),,,
VIDEO_VTAGS,ID,PRI,,NO,int,int(10) unsigned,auto_increment,,
VIDEO_VTAGS,VTAGID,MUL,,NO,int,int(10) unsigned,,VTAGS,ID
VIDEO_VTAGS,VIDEOID,MUL,,NO,int,int(10) unsigned,,VIDEO,ID
VTAGS,ID,PRI,,NO,int,int(10) unsigned,auto_increment,,
VTAGS,NAME,,,NO,varchar,varchar(45),,,
VTAGS,GROUP,,,YES,varchar,varchar(45),,,
VTAGS,LOCALEID,MUL,,YES,int,int(10) unsigned,,LOCALE,ID
VTAGS,ENGLISHID,,,YES,int,int(11),,,
VTAGS,APPLANGACODENAME,,,YES,varchar,varchar(250),,,
VTAGS,APPLANGACODEGROUP,,,YES,varchar,varchar(250),,,
WATER_FEEDING,ID,PRI,,NO,int,int(10) unsigned,auto_increment,,
WATER_FEEDING,CHILDID,MUL,,NO,int,int(10) unsigned,,CHILD,ID
WATER_FEEDING,CONVERTED_SI_VALUE,,,NO,float,"float(8,2)",,,
WATER_FEEDING,MEASURE_UNITID,MUL,,NO,int,int(10) unsigned,,MEASURE_UNIT,ID
WATER_FEEDING,ACTUAL_VALUE,,,NO,float,"float(8,2)",,,
WATER_FEEDING,ACTUAL_MEASURE_UNITID,MUL,,NO,int,int(10) unsigned,,MEASURE_UNIT,ID
WATER_FEEDING,CREATED_AT,,CURRENT_TIMESTAMP,YES,timestamp,timestamp,,,
WATER_FEEDING,CREATED_BY,MUL,,NO,int,int(10) unsigned,,USER,ID
WHO_GROWTH_CENTILE,ID,PRI,,NO,int,int(10) unsigned,auto_increment,,
WHO_GROWTH_CENTILE,AGE_DAYS,,,NO,int,int(10) unsigned,,,
WHO_GROWTH_CENTILE,PERCENTILE_3,,,YES,float,"float(7,3)",,,
WHO_GROWTH_CENTILE,PERCENTILE_15,,,YES,float,"float(7,3)",,,
WHO_GROWTH_CENTILE,PERCENTILE_50,,,YES,float,"float(7,3)",,,
WHO_GROWTH_CENTILE,PERCENTILE_85,,,YES,float,"float(7,3)",,,
WHO_GROWTH_CENTILE,PERCENTILE_97,,,YES,float,"float(7,3)",,,
WHO_GROWTH_CENTILE,PROGRESS_TYPEID,MUL,,YES,int,int(10) unsigned,,PROGRESS_TYPE,ID
WHO_GROWTH_CENTILE,CREATED_AT,,CURRENT_TIMESTAMP,YES,timestamp,timestamp,,,
WHO_GROWTH_CENTILE,GENDER,,,YES,varchar,varchar(255),,,
WHO_GROWTH_CENTILE,SOURCE,,,YES,varchar,varchar(3),,,
WHO_GROWTH_CENTILE,PERCENTILE_0_6,,,YES,float,"float(7,3)",,,
WHO_GROWTH_CENTILE,PERCENTILE_16,,,YES,float,"float(7,3)",,,
WHO_GROWTH_CENTILE,PERCENTILE_84,,,YES,float,"float(7,3)",,,
WHO_GROWTH_CENTILE,PERCENTILE_99_4,,,YES,float,"float(7,3)",,,
W_CONTENT,ID,PRI,,NO,int,int(10) unsigned,auto_increment,,
W_CONTENT,TITLE,,,NO,varchar,varchar(100),,,
W_CONTENT,DESCRIPTION,,,YES,varchar,varchar(1000),,,
W_CONTENT,COMPONENT,,,NO,varchar,varchar(50),,,
W_CONTENT,LOCALEID,MUL,,YES,int,int(10) unsigned,,LOCALE,ID
W_CONTENT,ENGLISHID,,,YES,int,int(11),,,
W_CONTENT,EDUCATIONID,MUL,,NO,int,int(10) unsigned,,EDUCATION,ID
W_CONTENT,CREATED_AT,,CURRENT_TIMESTAMP,YES,timestamp,timestamp,,,
W_CONTENT,UPDATED_AT,,CURRENT_TIMESTAMP,YES,timestamp,timestamp,,,
W_CONTENT,APPLANGACODETITLE,,,YES,varchar,varchar(250),,,
W_CONTENT,APPLANGACODEDESCRIPTION,,,YES,varchar,varchar(250),,,
W_TIP,ID,PRI,,NO,int,int(10) unsigned,auto_increment,,
W_TIP,TITLE,,,NO,varchar,varchar(45),,,
W_TIP,LOCALEID,MUL,,YES,int,int(10) unsigned,,LOCALE,ID
W_TIP,ENGLISHID,,,YES,int,int(11),,,
W_TIP,EDUCATIONID,MUL,,NO,int,int(10) unsigned,,EDUCATION,ID
W_TIP,CREATED_AT,,CURRENT_TIMESTAMP,YES,timestamp,timestamp,,,
W_TIP,UPDATED_AT,,CURRENT_TIMESTAMP,YES,timestamp,timestamp,,,
W_TIP,APPLANGACODE,,,YES,varchar,varchar(250),,,
W_TIP_DETAILS,ID,PRI,,NO,int,int(10) unsigned,auto_increment,,
W_TIP_DETAILS,TITLE,,,NO,varchar,varchar(100),,,
W_TIP_DETAILS,DESCRIPTION,,,YES,varchar,varchar(500),,,
W_TIP_DETAILS,IMAGE,,,YES,varchar,varchar(100),,,
W_TIP_DETAILS,LOCALEID,MUL,,YES,int,int(10) unsigned,,LOCALE,ID
W_TIP_DETAILS,ENGLISHID,,,YES,int,int(11),,,
W_TIP_DETAILS,W_TIPID,MUL,,NO,int,int(10) unsigned,,W_TIP,ID
W_TIP_DETAILS,APPLANGACODETITLE,,,YES,varchar,varchar(250),,,
W_TIP_DETAILS,APPLANGACODEDESCRIPTION,,,YES,varchar,varchar(250),,,
W_VIDEO_PRACTICE,ID,PRI,,NO,int,int(10) unsigned,auto_increment,,
W_VIDEO_PRACTICE,VIDEOID,MUL,,NO,int,int(10) unsigned,,VIDEO,ID
W_VIDEO_PRACTICE,QUESTION,,,NO,varchar,varchar(250),,,
W_VIDEO_PRACTICE,LOCALEID,MUL,,YES,int,int(10) unsigned,,LOCALE,ID
W_VIDEO_PRACTICE,CREATED_AT,,CURRENT_TIMESTAMP,YES,timestamp,timestamp,,,
W_VIDEO_PRACTICE,PRIORITY,,,NO,int,int(11),,,
W_VIDEO_PRACTICE,ENGLISHID,,,YES,int,int(11),,,
W_VIDEO_PRACTICE,APPLANGACODE,,,YES,varchar,varchar(250),,,
W_VIDEO_PRACTICE_OPTIONS,ID,PRI,,NO,int,int(10) unsigned,auto_increment,,
W_VIDEO_PRACTICE_OPTIONS,W_VIDEO_PRACTICEID,MUL,,NO,int,int(10) unsigned,,W_VIDEO_PRACTICE,ID
W_VIDEO_PRACTICE_OPTIONS,LOCALEID,MUL,,YES,int,int(10) unsigned,,LOCALE,ID
W_VIDEO_PRACTICE_OPTIONS,ENGLISHID,,,YES,int,int(11),,,
W_VIDEO_PRACTICE_OPTIONS,LABEL,,,NO,varchar,varchar(100),,,
W_VIDEO_PRACTICE_OPTIONS,EXPLANATION,,,YES,text,text,,,
W_VIDEO_PRACTICE_OPTIONS,IS_CORRECT,,,NO,tinyint,tinyint(1),,,
W_VIDEO_PRACTICE_OPTIONS,APPLANGACODELABEL,,,YES,varchar,varchar(250),,,
W_VIDEO_PRACTICE_OPTIONS,APPLANGACODEEXPLANATION,,,YES,varchar,varchar(250),,,
knex_migrations,id,PRI,,NO,int,int(10) unsigned,auto_increment,,
knex_migrations,name,,,YES,varchar,varchar(255),,,
knex_migrations,batch,,,YES,int,int(11),,,
knex_migrations,migration_time,,,YES,timestamp,timestamp,,,
knex_migrations_lock,index,PRI,,NO,int,int(10) unsigned,auto_increment,,
knex_migrations_lock,is_locked,,,YES,int,int(11),,,
